hash,Status,method,block_number,DateTime,from_address,SenderLable,to_address,ReceiverLable,value,Value,gas_price
0x76648355ca29cec5c219b70aae4598d001f862330ae16ef44125b3cf6bf77bc6,Success,Transfer,20678363,2024-09-04 16:18:11,0x95222290dd7278aa3ddd389cc1e1d165cc4bafe5,beaverbuild,0xd6e4aa932147a3fe5311da1b67d9e73da06f9cef,Mantle: Execution Layer Receiver,0.072313911 ETH,$177.43,0.00029852
0xf3b84a023bdbbd8e0d3ea4b6a3f48bf7e5da0439fe5e3d145657f8e44ae2ba59,Success,Transfer,20678363,2024-09-04 16:18:11,0x76841e4dd7c555e31c04df380494bf62045ea4fd,,0x6cbaebafdac4a85949ea569232e5524894f250ea,,0.00058334 ETH,$1.43,0.00022264
0x271019c16c98f1896e9bc9ec2785b81264227ac7a37977c8ec26ebcbae304e8e,Success,Transfer,20678363,2024-09-04 16:18:11,0x5507835ff7414d83734d3dc860754d4e5349bc28,,0x8edbf506f82fb6c9952f1ffd00f45d64cc5f8e1e,,0.000148 ETH,$0.36,0.00022265
0xaec68458f581cf7892013098462e8e4c8ae9fe614614e6a6fe883c393dca18fe,Success,Transfer,20678363,2024-09-04 16:18:11,0x3c92ab156a1db7a2bc2b932132c64680c930c312,,0x81aeb76401ee0abf883dd1327480be6f8a7f7dcc,,0.000269 ETH,$0.66,0.00022265
0xc6e5b48687e88cebe95985360f20611f104cc445e650d573909c1e2a98d756e7,Error in Main Txn : execution reverted,Approve,20678363,2024-09-04 16:18:11,0xf77511a59eb7245090d943d0970064878caf741b,,0xdac17f958d2ee523a2206206994597c13d831ec7,Tether: USDT Stablecoin,0 ETH,$0.00,0.00028464
0x957e39ea4d0f6dafe50649c3f9d4ed8de32f45d005222ca1bdf3af1f7ba5acf2,Error in Main Txn : execution reverted,Swap,20678363,2024-09-04 16:18:11,0x32613c91a9e4e1d5794a41d214e93a14e818b0ae,,0x1111111254eeb25477b68fb85ed929f73a960582,Aggregation Router V5,0 ETH,$0.00,0.00150545
0xc055f03e4b35933cc609ae7f7c18aa3458abe175c8e4737fe5720a42cad25ca3,Success,Approve,20678363,2024-09-04 16:18:11,0x32613c91a9e4e1d5794a41d214e93a14e818b0ae,,0x04c17b9d3b29a78f7bd062a57cf44fc633e71f85,Impt: IMPT Token,0 ETH,$0.00,0.00049768
0xdf6be069744c5688a5d0ea3e079fb70d7293ef2854bc7135b7b65a33c8b63081,Success,Transfer,20678363,2024-09-04 16:18:11,0x6cc8dcbca746a6e4fdefb98e1d0df903b107fd21,Bitrue,0x4cff49d0a19ed6ff845a9122fa912abcfb1f68a6,,0 ETH,$0.00,0.00057041
0x05ec8689d1081ba512a344544dea989f754ea88114e1e963c1ebc1944285e21a,Success,Transfer,20678363,2024-09-04 16:18:11,0x6cc8dcbca746a6e4fdefb98e1d0df903b107fd21,Bitrue,0x4a220e6096b25eadb88358cb44068a3248254675,Quant: QNT Token,0 ETH,$0.00,0.00055099
0x36bed422ba22ffb104a46d430c54e59bc2046e73423d55e5be72e7ef00f01b20,Success,Claim,20678363,2024-09-04 16:18:11,0xa7b1872cfdd2a382d011e3796caaa838e54fdd0d,,0x308c3f1c73b624aa8534158b0a4d6a34acaf5b2d,,0 ETH,$0.00,0.00095857
0x212a66757a1080700b78c1ceb3ccd90f37703d946d54746e46dde3923d6a6042,Success,Ccip Send,20678363,2024-09-04 16:18:11,0x09e4897e068a5fc4fc22d86867fc1906e6cde563,,0x80226fc0ee2b096224eeac085bb9a8cba1146f7d,Chainlink: CCIP Router,0.000239868 ETH,$0.59,0.00131291
0x5a2c9fb1731192570b515bdfe8ade12c66f57156296ae1aa6ad41c81d0e353b9,Success,Redeem From Validators,20678363,2024-09-04 16:18:11,0x3af4a49c8e2fcaf33fd3389543b80d320fcc9091,,0x4befa2aa9c305238aa3e0b5d17eb20c045269e9d,,0 ETH,$0.00,0.00162517
0x49a08dc1c754419396a70e6bf12d4a323016bb38a1b24ec9380d8eff48ffb367,Success,Withdrawal,20678363,2024-09-04 16:18:11,0x9067e44e9d6fb7217555bf437e4f84bcbe2ca4f1,,0x0785784527d6080031c8d2ab802870a74d8fcd19,,0 ETH,$0.00,0.00025721
0xe63ac40e17b83cee1626b04925d0a4d2c25df93f0efeba26eb9fda99fa223a85,Success,Transfer,20678363,2024-09-04 16:18:11,0x377179da29cb168009fd594a68ac82894be907aa,,0xee2b9b7e168b5b2d40c507b891c7cfb13a6aaf2b,,0 ETH,$0.00,0.00058042
0x78a8712e95744c830339d5297058183f27b3f73f2877ccad2a0c86eb55c31070,Success,Transfer,20678363,2024-09-04 16:18:11,0xaf32589f2a94a7da575436f778c85089fa163f7b,,0xc8ed6d44ce8e697d854a590abcf6b59728749742,,0.25 ETH,$613.42,0.00022409
0xa780ed7277808cdebf4e38863d302a4e6c982f307cf1f28bf3600bc3db1b6aa8,Success,Transfer,20678363,2024-09-04 16:18:11,0xfaf1bf4d592209b09907203b4da5904a3b77d843,,0x1fccafb4dd3ac6439769b3d702cb09bc8f55ea9a,,0.3112 ETH,$763.58,0.00022409
0xefa64a96d3dc65b86fd77b9f5717531ba0a44a70d23b8c674f4f92f976caa670,Success,Transfer,20678363,2024-09-04 16:18:11,0x2544b1ba2c4edfb994e1ad4e5b2a068893f242eb,,0x58b704065b7aff3ed351052f8560019e05925023,Bitso 1,0.024159489 ETH,$59.28,0.00022409
0x4d48be2094e7e51424205a20483ceded3d40b0919a6cc0aeb2f62fc70511207b,Success,Transfer,20678363,2024-09-04 16:18:11,0xae45a8240147e6179ec7c9f92c5a18f9a97b3fca,Crypto.com: Deposit Funder,0x54ffa0ce547e0d5e5d63fe1d5f397b43e57ff879,,0.000889057 ETH,$2.18,0.00022449
0x3ea86b91dc560c0cff8c8c4931234513b57dacb79aeee84332848f67e316768f,Success,Transfer,20678363,2024-09-04 16:18:11,0xae45a8240147e6179ec7c9f92c5a18f9a97b3fca,Crypto.com: Deposit Funder,0xa6535cde8e02737cf5b19ff6438f2d53fc172aaf,,0.000659022 ETH,$1.62,0.00022449
0x50c702d8501e2f146016b67d4a00fcf4670d2756c742db3e27cafc77081eadec,Success,Transfer,20678363,2024-09-04 16:18:11,0xae45a8240147e6179ec7c9f92c5a18f9a97b3fca,Crypto.com: Deposit Funder,0xb4579ff966e00636b5eb6343fe2bb59d2e2ddd3f,,0.000468222 ETH,$1.15,0.00022449
0x5f7c4da368ed366d368ee156e2797dbb6cf52b352cd9a95ec00472e299de918c,Success,Transfer,20678363,2024-09-04 16:18:11,0xae45a8240147e6179ec7c9f92c5a18f9a97b3fca,Crypto.com: Deposit Funder,0x1ec8568a537fd469b4a8f765c817e992253d471b,,0.000380035 ETH,$0.93,0.00022449
0x13c97bb43335eb32d677c64ed70efb949dacae1fb07ec7aa5b5ff3f978120e1e,Success,Transfer,20678363,2024-09-04 16:18:11,0xae45a8240147e6179ec7c9f92c5a18f9a97b3fca,Crypto.com: Deposit Funder,0xf578d477e1bc9fa96da0804525d39c54e086cec8,,0.000685101 ETH,$1.68,0.00022449
0x2dc173923f9d41deca8dad0da6844613f08ad4f697ed0181fb0f49127bf3e72e,Success,Transfer,20678363,2024-09-04 16:18:11,0xcb2907e00e34c26c36e8dfa07932ab150001475a,,0xb2588ba399f8a10b13fcbcdbc1f32da795c63820,,0.000032314 ETH,$0.08,0.00022449
0x2f881ea5e0b233e2b9590dd054df876bf7c9f6f4657e95ea9df314b76a7a3519,Success,Transfer,20678363,2024-09-04 16:18:11,0xae45a8240147e6179ec7c9f92c5a18f9a97b3fca,Crypto.com: Deposit Funder,0x21ea28dd0be48684f809357d4a9c764e469853fd,,0.001111322 ETH,$2.73,0.00022449
0x2faf1c8a92fcf6cd5eae69b991021089b2aaa29853a75e72e4f82c9dbbd2b51e,Success,Revoke Single Nonce,20678363,2024-09-04 16:18:11,0x5094752ecb2ef4e2a01201c5aa70bbeff0a22639,,0x9a1d00bed7cd04bcda516d721a596eb22aac6834,,0 ETH,$0.00,0.00042554
0x4b2e6631d2f0257cc48fb0e08f0163e86bf52c58dd869215be933d7ec10b4809,Error in Main Txn : execution reverted,Swap Exact Tokens For Tokens,20678363,2024-09-04 16:18:11,0x7430a9921b736e71e4501188daedd3c2566e3213,,0x7a250d5630b4cf539739df2c5dacb4c659f2488d,Uniswap V2: Router 2,0 ETH,$0.00,0.00033822
0xfd5ddca31e585b6f385f679eebdc34008eed95bfde27c6108eeb70bd4c2e18f4,Success,Transfer,20678363,2024-09-04 16:18:11,0xdbf5e9c5206d0db70a90108bf936da60221dc080,Wintermute: 0xdbf...080,0x1f9840a85d5af5bf1d1762f925bdaddc4201f984,Uniswap Protocol: UNI token,0 ETH,$0.00,0.00061059
0x742591658849c933017c4d90bca3459a713eddcf8b21afc8fc484d5e639c19db,Success,Transfer,20678363,2024-09-04 16:18:11,0x3c6a325be174845bc4889c37be70b18db4efc2f1,Fake_Phishing442895,0xa0b86991c6218b36c1d19d4a2e9eb0ce3606eb48,Circle: USDC Token,0 ETH,$0.00,0.00066613
0xae102bcab99cdf6352c5f5b8970b1c84343cc789cd6dfcace964ff7483108f2e,Success,Transfer,20678363,2024-09-04 16:18:11,0xc0769307f3594cb80c829a7f210e04f00918ffce,,0xdac17f958d2ee523a2206206994597c13d831ec7,Tether: USDT Stablecoin,0 ETH,$0.00,0.00044432
0xcb7d67d499f91c8f9e1b91a8efbd92a409e7304dc50734beeadace2193fb2d88,Success,Mint Signed,20678363,2024-09-04 16:18:11,0x43bbb89e02eb41473e7a8f44a89a31e48ccd0ad7,andyyou.eth,0x00005ea00ac477b1030ce78506496e8c2de24bf5,SeaDrop,0 ETH,$0.00,0.00140908
0x35324794fcc3b2d68e20a11c311dc1a8dd757b034416036f73722726e19e3156,Success,Claim LSD Tokens,20678363,2024-09-04 16:18:11,0x7adcde8c56a8f21dc4ffec288f1920f27caa2899,0xdxy.eth,0xddc796a66e8b83d0bccd97df33a6ccfba8fd60ea,,0 ETH,$0.00,0.00140939
0xd5a7310164321f2053005afaa9144b0e205d5fb0c0883f987140ea74b150fc1d,Success,Transfer,20678363,2024-09-04 16:18:11,0xeba88149813bec1cccccfdb0dacefaaa5de94cb1,,0x84f40474b7eeda7aedef6cada59b6a486782dec0,,0.02075962 ETH,$50.94,0.000231
0x00af46e34027fa80628cd115cab6327704d6d28ebc298683ec021fcbbfc5b4ff,Success,Transfer,20678363,2024-09-04 16:18:11,0xeba88149813bec1cccccfdb0dacefaaa5de94cb1,,0x4043beb73f1c1df4a3a839b7e5c3785f923a9eda,,0.03864346 ETH,$94.82,0.000231
0xeb54a222e1e4006c6f9bd552ca241e476d89567db671e04101251d3aea37a501,Success,0xa0000000,20678363,2024-09-04 16:18:11,0x66c6778dedba51b87103c8543ee751e7cd960659,,0x68d3a973e7272eb388022a5c6518d9b2a2e66fbf,,0 ETH,$0.00,0.00150435
0x63ef86e1f87b13fc51af7b01777452a3f9b7cf9e3ecae15bc963092119061519,Success,Transfer,20678363,2024-09-04 16:18:11,0xbfa799d020bee553694aadf92630174c6f2c2cc1,,0x97f8768e9a14e9fd595c4168bbe3a513ca50437f,,0.048 ETH,$117.78,0.00024362
0xf0979d2ab0868035bbccdfb6338399e86dcc8443c54596685262fa6a9ca40c77,Success,Transfer,20678363,2024-09-04 16:18:11,0x7089c68e033e1d68cb7b5bc943cf357ad1fe1a4e,,0x5c49a393a8de15d42142951b9a34dfb84615b425,,0.407879565 ETH,"$1,000.80",0.00024362
0x64ca0719d4c92d8f75b38f4dc602892e07f5c8948eb2e86ac97118910a23c7d6,Success,Transfer,20678363,2024-09-04 16:18:11,0xd512a74d18a54a62c7f96734719abc1479260c90,,0xa923bc65544985a85b9dd72559b1aad1a0921f26,,0.007218199 ETH,$17.71,0.00024362
0xa5e1a5e2bd99e044beab10c19addef16cec7950915a7348741028b974321aa66,Success,Execute,20678363,2024-09-04 16:18:11,0x3e1ceb236343d6a907a3dc5224c800ad57fedc14,,0x3fc91a3afd70395cd496c647d5a6cc9d4b2b7fad,Uniswap: Universal Router,0 ETH,$0.00,0.00174402
0xcf67de9db5efc5e0a70738d27c3ca4572a5bd3b0237e93c8d4c092ce25a22f67,Success,Transfer,20678363,2024-09-04 16:18:11,0x1ab4973a48dc892cd9971ece8e01dcc7688f8f23,Bitget 6,0xc9e0237cb904ab8e90da39875ee57afb70a6c3b4,,0.0391163 ETH,$95.98,0.00023499
0xd4390db5cb7a3621e6294c3342e42dfe209b35e4fd2a09ef5ec545f04b5eddb1,Success,Transfer,20678363,2024-09-04 16:18:11,0x843e5a514f576ca3e595f454ea2e9303cdb22cf7,,0x1ab4973a48dc892cd9971ece8e01dcc7688f8f23,Bitget 6,0.918906491 ETH,"$2,254.69",0.00023499
0x886b1507fb5bfba0c002e2a01d7dee5fbeadc095ca662d861690313d59e26161,Success,Transfer,20678363,2024-09-04 16:18:11,0x1ab4973a48dc892cd9971ece8e01dcc7688f8f23,Bitget 6,0xbcd63d27df3e0ba08a0500be363ecfcd48054802,,0.1237 ETH,$303.52,0.00023499
0xfc33ced1d4be5efe65b49e18abd99386f3c4d93aa6364b4aa04f44e4e7f41136,Success,Transfer,20678363,2024-09-04 16:18:11,0x1ab4973a48dc892cd9971ece8e01dcc7688f8f23,Bitget 6,0x2f79e91406b27ceb1895935b8f0ae1a2c2a4e5c3,,0.02435367 ETH,$59.76,0.00023499
0xbe2234bc14c3eb9bfacc6148d88153cbcc1b3da3b8edb2f04dccbc594a881e4f,Error in Main Txn : execution reverted,Swap Exact Tokens For Tokens,20678363,2024-09-04 16:18:11,0xb1b2d032aa2f52347fbcfd08e5c3cc55216e8404,,0x7a250d5630b4cf539739df2c5dacb4c659f2488d,Uniswap V2: Router 2,0 ETH,$0.00,0.00033829
0x4e25b0241b4c2bff53f701c8e2e53b8fd46a486987d678c0aa51bd0c24af8082,Success,Receive Message,20678363,2024-09-04 16:18:11,0xad103c0928acfde91dfd4e9e21225bcf9c7cbe62,,0x0a992d191deec32afe36203ad87d7d289a738f81,Circle: Message Transmitter,0 ETH,$0.00,0.00170456
0xc56ed03c7241be10bdf35cef4a23b29d056cd615b5f5b0da6faf17beada056b0,Success,Update State Kzg DA,20678363,2024-09-04 16:18:11,0xc70ae19b5feaa5c19f576e621d2bad9771864fe2,,0xf338cad020d506e8e3d9b4854986e0ece6c23640,,0 ETH,$0.00,0.00146251
0xbce8a6eedd0ca05ad9cc8f37e46e5bafca6d3d325bcd457ced87a64c147c3a9d,Success,Unoswap,20678363,2024-09-04 16:18:11,0xcf398fb00c04c76a8f7a64e9fecaa6aa3e71594d,,0x111111125421ca6dc452d289314280a0f8842a65, Aggregation Router V6,0 ETH,$0.00,0.0014579
0x281f9a5eb07338f9cde4331f6fef4fb2b04974fb46cf010245f0d0063f562f18,Success,Transfer,20678363,2024-09-04 16:18:11,0x46340b20830761efd32832a74d7169b29feb9758,Crypto.com 2,0x472ae0d0b4481e6c3089f6b7240ac9b961265fff,,0.005059737 ETH,$12.41,0.00024105
0x2b2370c1fa3dae7890638c03e18be7f69b5800bdd48f2343c831a4499e4ef889,Success,Transfer,20678363,2024-09-04 16:18:11,0x46340b20830761efd32832a74d7169b29feb9758,Crypto.com 2,0x5edb45f96eeba462641293b4e0dbc6b28328f838,,0.23547 ETH,$577.76,0.00024105
0xe07527b639d0af3a0a5c1a133f86726c00e969c9522e17eaf1ac39515f9a4fee,Success,Transfer,20678363,2024-09-04 16:18:11,0xd4570bbf3a2fb1884ea08c1254da87a7fec76e1d,,0xb8356a14e2610315f4d6604c71738c7f2ef7aa2a,,0.019940768 ETH,$48.93,0.00024362
0xb89bb7cc8376c5d417fbbb75c44fc8bc056f9eede733c5c1b41f481bdf84f5a5,Success,Transfer,20678363,2024-09-04 16:18:11,0x0ba329e85d6ef8d78acce0257bd931f741724b23,,0xb8356a14e2610315f4d6604c71738c7f2ef7aa2a,,0.103802888 ETH,$254.70,0.00024362
